movieId,title,genres
1,Toy Story (1995),Adventure|Animation|Children|Comedy|Fantasy
2,Jumanji (1995),Adventure|Children|Fantasy
3,Grumpier Old Men (1995),Comedy|Romance
5,Father of the Bride Part II (1995),Comedy
6,Heat (1995),Action|Crime|Thriller
17,Sense and Sensibility (1995),Drama|Romance
20,Money Train (1995),Action|Comedy|Crime|Drama|Thriller
22,Copycat (1995),Crime|Drama|Horror|Mystery|Thriller
25,Leaving Las Vegas (1995),Drama|Romance
26,Othello (1995),Drama
30,Shanghai Triad (Yao a yao yao dao waipo qiao) (1995),Crime|Drama
31,Dangerous Minds (1995),Drama
32,Twelve Monkeys (a.k.a. 12 Monkeys) (1995),Mystery|Sci-Fi|Thriller
36,Dead Man Walking (1995),Crime|Drama
39,Clueless (1995),Comedy|Romance
43,Restoration (1995),Drama
47,Seven (a.k.a. Se7en) (1995),Mystery|Thriller
50,"Usual Suspects, The (1995)",Crime|Mystery|Thriller
79,"Juror, The (1996)",Drama|Thriller
80,"White Balloon, The (Badkonake sefid) (1995)",Children|Drama
104,Happy Gilmore (1996),Comedy
110,Braveheart (1995),Action|Drama|War
111,Taxi Driver (1976),Crime|Drama|Thriller
141,"Birdcage, The (1996)",Comedy
145,Bad Boys (1995),Action|Comedy|Crime|Drama|Thriller
156,Blue in the Face (1995),Comedy|Drama
158,Casper (1995),Adventure|Children
161,Crimson Tide (1995),Drama|Thriller|War
165,Die Hard: With a Vengeance (1995),Action|Crime|Thriller
177,Lord of Illusions (1995),Horror
185,"Net, The (1995)",Action|Crime|Thriller
186,Nine Months (1995),Comedy|Romance
191,"Scarlet Letter, The (1995)",Drama|Romance
198,Strange Days (1995),Action|Crime|Drama|Mystery|Sci-Fi|Thriller
204,Under Siege 2: Dark Territory (1995),Action
208,Waterworld (1995),Action|Adventure|Sci-Fi
223,Clerks (1994),Comedy
231,Dumb & Dumber (Dumb and Dumber) (1994),Adventure|Comedy
235,Ed Wood (1994),Comedy|Drama
249,Immortal Beloved (1994),Drama|Romance
252,I.Q. (1994),Comedy|Romance
256,Junior (1994),Comedy|Sci-Fi
260,Star Wars: Episode IV - A New Hope (1977),Action|Adventure|Sci-Fi
282,Nell (1994),Drama
288,Natural Born Killers (1994),Action|Crime|Thriller
292,Outbreak (1995),Action|Drama|Sci-Fi|Thriller
293,Léon: The Professional (a.k.a. The Professional) (Léon) (1994),Action|Crime|Drama|Thriller
296,Pulp Fiction (1994),Comedy|Crime|Drama|Thriller
306,Three Colors: Red (Trois couleurs: Rouge) (1994),Drama
316,Stargate (1994),Action|Adventure|Sci-Fi
318,"Shawshank Redemption, The (1994)",Crime|Drama
327,Tank Girl (1995),Action|Comedy|Sci-Fi
337,What's Eating Gilbert Grape (1993),Drama
339,While You Were Sleeping (1995),Comedy|Romance
344,Ace Ventura: Pet Detective (1994),Comedy
345,"Adventures of Priscilla, Queen of the Desert, The (1994)",Comedy|Drama
349,Clear and Present Danger (1994),Action|Crime|Drama|Thriller
356,Forrest Gump (1994),Comedy|Drama|Romance|War
357,Four Weddings and a Funeral (1994),Comedy|Romance
362,"Jungle Book, The (1994)",Adventure|Children|Romance
364,"Lion King, The (1994)",Adventure|Animation|Children|Drama|Musical|IMAX
367,"Mask, The (1994)",Action|Comedy|Crime|Fantasy
368,Maverick (1994),Adventure|Comedy|Western
370,Naked Gun 33 1/3: The Final Insult (1994),Action|Comedy
377,Speed (1994),Action|Romance|Thriller
380,True Lies (1994),Action|Adventure|Comedy|Romance|Thriller
381,When a Man Loves a Woman (1994),Drama|Romance
390,Faster Pussycat! Kill! Kill! (1965),Action|Crime|Drama
410,Addams Family Values (1993),Children|Comedy|Fantasy
420,Beverly Hills Cop III (1994),Action|Comedy|Crime|Thriller
422,Blink (1994),Thriller
427,Boxing Helena (1993),Drama|Mystery|Romance|Thriller
431,Carlito's Way (1993),Crime|Drama
432,City Slickers II: The Legend of Curly's Gold (1994),Adventure|Comedy|Western
435,Coneheads (1993),Comedy|Sci-Fi
441,Dazed and Confused (1993),Comedy
445,Fatal Instinct (1993),Comedy
446,Farewell My Concubine (Ba wang bie ji) (1993),Drama|Romance
448,Fearless (1993),Drama
454,"Firm, The (1993)",Drama|Thriller
464,Hard Target (1993),Action|Adventure|Crime|Thriller
474,In the Line of Fire (1993),Action|Thriller
480,Jurassic Park (1993),Action|Adventure|Sci-Fi|Thriller
481,Kalifornia (1993),Drama|Thriller
494,Executive Decision (1996),Action|Adventure|Thriller
502,"Next Karate Kid, The (1994)",Action|Children|Romance
508,Philadelphia (1993),Drama
527,Schindler's List (1993),Drama|War
541,Blade Runner (1982),Action|Sci-Fi|Thriller
551,"Nightmare Before Christmas, The (1993)",Animation|Children|Fantasy|Musical
552,"Three Musketeers, The (1993)",Action|Adventure|Comedy|Romance
553,Tombstone (1993),Action|Drama|Western
555,True Romance (1993),Crime|Thriller
569,Little Big League (1994),Comedy|Drama
586,Home Alone (1990),Children|Comedy
587,Ghost (1990),Comedy|Drama|Fantasy|Romance|Thriller
588,Aladdin (1992),Adventure|Animation|Children|Comedy|Musical
589,Terminator 2: Judgment Day (1991),Action|Sci-Fi
590,Dances with Wolves (1990),Adventure|Drama|Western
592,Batman (1989),Action|Crime|Thriller
593,"Silence of the Lambs, The (1991)",Crime|Horror|Thriller
594,Snow White and the Seven Dwarfs (1937),Animation|Children|Drama|Fantasy|Musical
595,Beauty and the Beast (1991),Animation|Children|Fantasy|Musical|Romance|IMAX
596,Pinocchio (1940),Animation|Children|Fantasy|Musical
597,Pretty Woman (1990),Comedy|Romance
608,Fargo (1996),Comedy|Crime|Drama|Thriller
609,Homeward Bound II: Lost in San Francisco (1996),Adventure|Children
628,Primal Fear (1996),Crime|Drama|Mystery|Thriller
640,Diabolique (1996),Drama|Thriller
648,Mission: Impossible (1996),Action|Adventure|Mystery|Thriller
653,Dragonheart (1996),Action|Adventure|Fantasy
719,Multiplicity (1996),Comedy
720,Wallace & Gromit: The Best of Aardman Animation (1996),Adventure|Animation|Comedy
733,"Rock, The (1996)",Action|Adventure|Thriller
736,Twister (1996),Action|Adventure|Romance|Thriller
750,Dr. Strangelove or: How I Learned to Stop Worrying and Love the Bomb (1964),Comedy|War
761,"Phantom, The (1996)",Action|Adventure
778,Trainspotting (1996),Comedy|Crime|Drama
780,Independence Day (a.k.a. ID4) (1996),Action|Adventure|Sci-Fi|Thriller
784,"Cable Guy, The (1996)",Comedy|Thriller
800,Lone Star (1996),Drama|Mystery|Western
832,Ransom (1996),Crime|Thriller
838,Emma (1996),Comedy|Drama|Romance
842,Tales from the Crypt Presents: Bordello of Blood (1996),Comedy|Horror
848,"Spitfire Grill, The (1996)",Drama
858,"Godfather, The (1972)",Crime|Drama
881,First Kid (1996),Children|Comedy
912,Casablanca (1942),Drama|Romance
916,Roman Holiday (1953),Comedy|Drama|Romance
918,Meet Me in St. Louis (1944),Musical
922,Sunset Blvd. (a.k.a. Sunset Boulevard) (1950),Drama|Film-Noir|Romance
923,Citizen Kane (1941),Drama|Mystery
924,2001: A Space Odyssey (1968),Adventure|Drama|Sci-Fi
933,To Catch a Thief (1955),Crime|Mystery|Romance|Thriller
969,"African Queen, The (1951)",Adventure|Comedy|Romance|War
1022,Cinderella (1950),Animation|Children|Fantasy|Musical|Romance
1027,Robin Hood: Prince of Thieves (1991),Adventure|Drama
1035,"Sound of Music, The (1965)",Musical|Romance
1036,Die Hard (1988),Action|Crime|Thriller
1043,To Gillian on Her 37th Birthday (1996),Drama|Romance
1059,William Shakespeare's Romeo + Juliet (1996),Drama|Romance
1073,Willy Wonka & the Chocolate Factory (1971),Children|Comedy|Fantasy|Musical
1077,Sleeper (1973),Comedy|Sci-Fi
1079,"Fish Called Wanda, A (1988)",Comedy|Crime
1080,Monty Python's Life of Brian (1979),Comedy
1082,"Candidate, The (1972)",Drama
1084,Bonnie and Clyde (1967),Crime|Drama
1093,"Doors, The (1991)",Drama
1094,"Crying Game, The (1992)",Drama|Romance|Thriller
1101,Top Gun (1986),Action|Romance
1148,Wallace & Gromit: The Wrong Trousers (1993),Animation|Children|Comedy|Crime
1179,"Grifters, The (1990)",Crime|Drama|Film-Noir
1193,One Flew Over the Cuckoo's Nest (1975),Drama
1196,Star Wars: Episode V - The Empire Strikes Back (1980),Action|Adventure|Sci-Fi
1197,"Princess Bride, The (1987)",Action|Adventure|Comedy|Fantasy|Romance
1198,Raiders of the Lost Ark (Indiana Jones and the Raiders of the Lost Ark) (1981),Action|Adventure
1199,Brazil (1985),Fantasy|Sci-Fi
1203,12 Angry Men (1957),Drama
1209,Once Upon a Time in the West (C'era una volta il West) (1968),Action|Drama|Western
1210,Star Wars: Episode VI - Return of the Jedi (1983),Action|Adventure|Sci-Fi
1213,Goodfellas (1990),Crime|Drama
1215,Army of Darkness (1993),Action|Adventure|Comedy|Fantasy|Horror
1219,Psycho (1960),Crime|Horror
1220,"Blues Brothers, The (1980)",Action|Comedy|Musical
1221,"Godfather: Part II, The (1974)",Crime|Drama
1222,Full Metal Jacket (1987),Drama|War
1223,"Grand Day Out with Wallace and Gromit, A (1989)",Adventure|Animation|Children|Comedy|Sci-Fi
1225,Amadeus (1984),Drama
1234,"Sting, The (1973)",Comedy|Crime
1240,"Terminator, The (1984)",Action|Sci-Fi|Thriller
1242,Glory (1989),Drama|War
1245,Miller's Crossing (1990),Crime|Drama|Film-Noir|Thriller
1246,Dead Poets Society (1989),Drama
1247,"Graduate, The (1967)",Comedy|Drama|Romance
1250,"Bridge on the River Kwai, The (1957)",Adventure|Drama|War
1252,Chinatown (1974),Crime|Film-Noir|Mystery|Thriller
1257,Better Off Dead... (1985),Comedy|Romance
1258,"Shining, The (1980)",Horror
1259,Stand by Me (1986),Adventure|Drama
1260,M (1931),Crime|Film-Noir|Thriller
1263,"Deer Hunter, The (1978)",Drama|War
1272,Patton (1970),Drama|War
1276,Cool Hand Luke (1967),Drama
1278,Young Frankenstein (1974),Comedy|Fantasy
1279,Night on Earth (1991),Comedy|Drama
1281,"Great Dictator, The (1940)",Comedy|Drama|War
1288,This Is Spinal Tap (1984),Comedy
1290,Some Kind of Wonderful (1987),Drama|Romance
1291,Indiana Jones and the Last Crusade (1989),Action|Adventure
1293,Gandhi (1982),Drama
1321,"American Werewolf in London, An (1981)",Comedy|Horror|Thriller
1333,"Birds, The (1963)",Horror|Thriller
1344,Cape Fear (1962),Crime|Drama|Thriller
1345,Carrie (1976),Drama|Fantasy|Horror|Thriller
1347,"Nightmare on Elm Street, A (1984)",Horror|Thriller
1348,"Nosferatu (Nosferatu, eine Symphonie des Grauens) (1922)",Horror
1356,Star Trek: First Contact (1996),Action|Adventure|Sci-Fi|Thriller
1380,Grease (1978),Comedy|Musical|Romance
1385,Under Siege (1992),Action|Drama|Thriller
1387,Jaws (1975),Action|Horror
1392,Citizen Ruth (1996),Comedy|Drama
1393,Jerry Maguire (1996),Drama|Romance
1394,Raising Arizona (1987),Comedy
1408,"Last of the Mohicans, The (1992)",Action|Romance|War|Western
1449,Waiting for Guffman (1996),Comedy
1476,Private Parts (1997),Comedy|Drama
1517,Austin Powers: International Man of Mystery (1997),Action|Adventure|Comedy
1527,"Fifth Element, The (1997)",Action|Adventure|Comedy|Sci-Fi
1544,"Lost World: Jurassic Park, The (1997)",Action|Adventure|Sci-Fi|Thriller
1546,Schizopolis (1996),Comedy
1573,Face/Off (1997),Action|Crime|Drama|Thriller
1580,Men in Black (a.k.a. MIB) (1997),Action|Comedy|Sci-Fi
1584,Contact (1997),Drama|Sci-Fi
1588,George of the Jungle (1997),Children|Comedy
1591,Spawn (1997),Action|Adventure|Sci-Fi|Thriller
1610,"Hunt for Red October, The (1990)",Action|Adventure|Thriller
1621,Soul Food (1997),Drama
1639,Chasing Amy (1997),Comedy|Drama|Romance
1645,The Devil's Advocate (1997),Drama|Mystery|Thriller
1653,Gattaca (1997),Drama|Sci-Fi|Thriller
1663,Stripes (1981),Comedy|War
1672,"Rainmaker, The (1997)",Drama
1673,Boogie Nights (1997),Drama
1674,Witness (1985),Drama|Romance|Thriller
1690,Alien: Resurrection (1997),Action|Horror|Sci-Fi
1702,Flubber (1997),Children|Comedy|Fantasy
1704,Good Will Hunting (1997),Drama|Romance
1729,Jackie Brown (1997),Crime|Drama|Thriller
1732,"Big Lebowski, The (1998)",Comedy|Crime
1747,Wag the Dog (1997),Comedy
1769,"Replacement Killers, The (1998)",Action|Crime|Thriller
1784,As Good as It Gets (1997),Comedy|Drama|Romance
1801,"Man in the Iron Mask, The (1998)",Action|Adventure|Drama
1848,"Borrowers, The (1997)",Adventure|Children|Comedy|Fantasy
1912,Out of Sight (1998),Comedy|Crime|Drama|Romance|Thriller
1918,Lethal Weapon 4 (1998),Action|Comedy|Crime|Thriller
1945,On the Waterfront (1954),Crime|Drama
1957,Chariots of Fire (1981),Drama
1961,Rain Man (1988),Drama
1963,Take the Money and Run (1969),Comedy|Crime
1965,Repo Man (1984),Comedy|Sci-Fi
1994,Poltergeist (1982),Horror|Thriller
1995,Poltergeist II: The Other Side (1986),Horror|Thriller
2009,Soylent Green (1973),Drama|Mystery|Sci-Fi|Thriller
2011,Back to the Future Part II (1989),Adventure|Comedy|Sci-Fi
2012,Back to the Future Part III (1990),Adventure|Comedy|Sci-Fi|Western
2018,Bambi (1942),Animation|Children|Drama
2019,Seven Samurai (Shichinin no samurai) (1954),Action|Adventure|Drama
2020,Dangerous Liaisons (1988),Drama|Romance
2023,"Godfather: Part III, The (1990)",Crime|Drama|Mystery|Thriller
2028,Saving Private Ryan (1998),Action|Drama|War
2035,Blackbeard's Ghost (1968),Children|Comedy
2040,"Computer Wore Tennis Shoes, The (1969)",Children|Comedy
2078,"Jungle Book, The (1967)",Animation|Children|Comedy|Musical
2090,"Rescuers, The (1977)",Adventure|Animation|Children|Crime|Drama
2094,"Rocketeer, The (1991)",Action|Adventure|Sci-Fi
2096,Sleeping Beauty (1959),Animation|Children|Musical
2100,Splash (1984),Comedy|Fantasy|Romance
2102,Steamboat Willie (1928),Animation|Children|Comedy|Musical
2108,L.A. Story (1991),Comedy|Romance
2110,Dead Men Don't Wear Plaid (1982),Comedy|Crime|Thriller
2115,Indiana Jones and the Temple of Doom (1984),Action|Adventure|Fantasy
2120,Needful Things (1993),Drama|Horror
2121,Cujo (1983),Horror|Thriller
2124,"Addams Family, The (1991)",Children|Comedy|Fantasy
2134,Weird Science (1985),Comedy|Fantasy|Sci-Fi
2136,"Nutty Professor, The (1963)",Comedy|Sci-Fi
2142,"American Tail: Fievel Goes West, An (1991)",Adventure|Animation|Children|Musical|Western
2144,Sixteen Candles (1984),Comedy|Romance
2152,Air Bud: Golden Receiver (1998),Children|Comedy
2160,Rosemary's Baby (1968),Drama|Horror|Thriller
2162,"NeverEnding Story II: The Next Chapter, The (1990)",Adventure|Children|Fantasy
2167,Blade (1998),Action|Horror|Thriller
2174,Beetlejuice (1988),Comedy|Fantasy
2196,Knock Off (1998),Action
2206,Suspicion (1941),Film-Noir|Mystery|Thriller
2248,Say Anything... (1989),Comedy|Drama|Romance
2261,One Crazy Summer (1986),Comedy
2302,My Cousin Vinny (1992),Comedy
2307,One Tough Cop (1998),Action|Crime
2324,Life Is Beautiful (La Vita è bella) (1997),Comedy|Drama|Romance|War
2329,American History X (1998),Crime|Drama
2334,"Siege, The (1998)",Action|Thriller
2335,"Waterboy, The (1998)",Comedy
2336,Elizabeth (1998),Drama
2340,Meet Joe Black (1998),Romance
2353,Enemy of the State (1998),Action|Thriller
2355,"Bug's Life, A (1998)",Adventure|Animation|Children|Comedy
2359,Waking Ned Devine (a.k.a. Waking Ned) (1998),Comedy
2369,Desperately Seeking Susan (1985),Comedy|Drama|Romance
2375,"Money Pit, The (1986)",Comedy
2376,"View to a Kill, A (1985)",Action|Adventure|Thriller
2380,Police Academy 3: Back in Training (1986),Comedy|Crime
2385,Home Fries (1998),Comedy|Romance
2393,Star Trek: Insurrection (1998),Action|Drama|Romance|Sci-Fi
2396,Shakespeare in Love (1998),Comedy|Drama|Romance
2431,Patch Adams (1998),Comedy|Drama
2450,Howard the Duck (1986),Adventure|Comedy|Sci-Fi
2455,"Fly, The (1986)",Drama|Horror|Sci-Fi|Thriller
2456,"Fly II, The (1989)",Horror|Sci-Fi
2474,"Color of Money, The (1986)",Drama
2477,Firewalker (1986),Adventure
2490,Payback (1999),Action|Thriller
2513,Pet Sematary (1989),Horror
2518,Night Shift (1982),Comedy
2533,Escape from the Planet of the Apes (1971),Action|Sci-Fi
2539,Analyze This (1999),Comedy
2548,"Rage: Carrie 2, The (1999)",Horror
2553,Village of the Damned (1960),Horror|Sci-Fi|Thriller
2565,"King and I, The (1956)",Drama|Musical|Romance
2568,"Mod Squad, The (1999)",Action|Crime
2571,"Matrix, The (1999)",Action|Sci-Fi|Thriller
2580,Go (1999),Comedy|Crime
2605,Entrapment (1999),Crime|Thriller
2617,"Mummy, The (1999)",Action|Adventure|Comedy|Fantasy|Horror|Thriller
2628,Star Wars: Episode I - The Phantom Menace (1999),Action|Adventure|Sci-Fi
2642,Superman III (1983),Action|Adventure|Sci-Fi
2657,"Rocky Horror Picture Show, The (1975)",Comedy|Horror|Musical|Sci-Fi
2670,Run Silent Run Deep (1958),War
2671,Notting Hill (1999),Comedy|Romance
2677,Buena Vista Social Club (1999),Documentary|Musical
2682,Limbo (1999),Drama
2688,"General's Daughter, The (1999)",Crime|Drama|Mystery|Thriller
2692,Run Lola Run (Lola rennt) (1998),Action|Crime
2700,"South Park: Bigger, Longer and Uncut (1999)",Animation|Comedy|Musical
2710,"Blair Witch Project, The (1999)",Drama|Horror|Thriller
2716,Ghostbusters (a.k.a. Ghost Busters) (1984),Action|Comedy|Sci-Fi
2722,Deep Blue Sea (1999),Action|Horror|Sci-Fi|Thriller
2723,Mystery Men (1999),Action|Comedy|Fantasy
2724,Runaway Bride (1999),Comedy|Romance
2733,Vibes (1988),Adventure|Comedy|Romance
2735,"Golden Child, The (1986)",Action|Adventure|Comedy|Fantasy|Mystery
2738,Crimes of the Heart (1986),Comedy|Drama
2752,Outrageous Fortune (1987),Comedy|Mystery
2762,"Sixth Sense, The (1999)",Drama|Horror|Mystery
2772,Detroit Rock City (1999),Comedy
2797,Big (1988),Comedy|Drama|Fantasy|Romance
2803,"Pelican Brief, The (1993)",Crime|Drama|Mystery|Romance|Thriller
2804,"Christmas Story, A (1983)",Children|Comedy
2826,"13th Warrior, The (1999)",Action|Adventure|Fantasy
2840,Stigmata (1999),Drama|Thriller
2846,"Adventures of Milo and Otis, The (Koneko monogatari) (1986)",Adventure|Children|Comedy|Drama
2858,American Beauty (1999),Drama|Romance
2947,Goldfinger (1964),Action|Adventure|Thriller
2959,Fight Club (1999),Action|Crime|Drama|Thriller
2968,Time Bandits (1981),Adventure|Comedy|Fantasy|Sci-Fi
2983,"Ipcress File, The (1965)",Thriller
2986,RoboCop 2 (1990),Action|Crime|Sci-Fi|Thriller
2987,Who Framed Roger Rabbit? (1988),Adventure|Animation|Children|Comedy|Crime|Fantasy|Mystery
2990,Licence to Kill (1989),Action|Adventure|Thriller
3000,Princess Mononoke (Mononoke-hime) (1997),Action|Adventure|Animation|Drama|Fantasy
3007,American Movie (1999),Documentary
3029,Nighthawks (1981),Action|Drama
3033,Spaceballs (1987),Comedy|Sci-Fi
3052,Dogma (1999),Adventure|Comedy|Fantasy
3063,Poison Ivy (1992),Drama|Thriller
3070,"Adventures of Buckaroo Banzai Across the 8th Dimension, The (1984)",Adventure|Comedy|Sci-Fi
3088,Harvey (1950),Comedy|Fantasy
3093,McCabe & Mrs. Miller (1971),Drama|Western
3095,"Grapes of Wrath, The (1940)",Drama
3101,Fatal Attraction (1987),Drama|Thriller
3105,Awakenings (1990),Drama|Mystery
3107,Backdraft (1991),Action|Drama
3114,Toy Story 2 (1999),Adventure|Animation|Children|Comedy|Fantasy
3127,Holy Smoke (1999),Comedy|Drama
3129,Sweet and Lowdown (1999),Comedy|Drama
3147,"Green Mile, The (1999)",Crime|Drama
3156,Bicentennial Man (1999),Drama|Romance|Sci-Fi
3160,Magnolia (1999),Drama
3167,Carnal Knowledge (1971),Comedy|Drama
3168,Easy Rider (1969),Adventure|Drama
3175,Galaxy Quest (1999),Adventure|Comedy|Sci-Fi
3178,"Hurricane, The (1999)",Drama
3253,Wayne's World (1992),Comedy
3258,Death Becomes Her (1992),Comedy|Fantasy
3264,Buffy the Vampire Slayer (1992),Action|Comedy|Horror
3268,Stop! Or My Mom Will Shoot (1992),Action|Comedy
3272,Bad Lieutenant (1992),Crime|Drama
3273,Scream 3 (2000),Comedy|Horror|Mystery|Thriller
3285,"Beach, The (2000)",Adventure|Drama
3298,Boiler Room (2000),Crime|Drama|Thriller
3334,Key Largo (1948),Crime|Drama|Film-Noir|Thriller
3354,Mission to Mars (2000),Sci-Fi
3355,"Ninth Gate, The (1999)",Fantasy|Horror|Mystery|Thriller
3361,Bull Durham (1988),Comedy|Drama|Romance
3363,American Graffiti (1973),Comedy|Drama
3385,Volunteers (1985),Comedy
3421,Animal House (1978),Comedy
3426,Jungle Fever (1991),Drama|Romance
3430,Death Wish (1974),Action|Crime|Drama
3471,Close Encounters of the Third Kind (1977),Adventure|Drama|Sci-Fi
3477,Empire Records (1995),Comedy|Drama
3483,"Road to El Dorado, The (2000)",Animation|Children
3489,Hook (1991),Adventure|Comedy|Fantasy
3552,Caddyshack (1980),Comedy
3556,"Virgin Suicides, The (1999)",Drama|Romance
3591,Mr. Mom (1983),Comedy|Drama
3622,"Twelve Chairs, The (1970)",Comedy
3623,Mission: Impossible II (2000),Action|Adventure|Thriller
3671,Blazing Saddles (1974),Comedy|Western
3681,For a Few Dollars More (Per qualche dollaro in più) (1965),Action|Drama|Thriller|Western
3682,Magnum Force (1973),Action|Crime|Drama|Thriller
3699,Starman (1984),Adventure|Drama|Romance|Sci-Fi
3705,Bird on a Wire (1990),Action|Comedy|Romance
3712,Soapdish (1991),Comedy
3725,American Pop (1981),Animation|Musical
3740,Big Trouble in Little China (1986),Action|Adventure|Comedy|Fantasy
3751,Chicken Run (2000),Animation|Children|Comedy
3752,"Me, Myself & Irene (2000)",Adventure|Comedy
3755,"Perfect Storm, The (2000)",Drama|Thriller
3768,Braddock: Missing in Action III (1988),Action|War
3785,Scary Movie (2000),Comedy|Horror
3810,White Sands (1992),Drama|Thriller
3823,Wonderland (1999),Drama
3826,Hollow Man (2000),Horror|Sci-Fi|Thriller
3847,"Ilsa, She Wolf of the SS (1974)",Horror
3863,"Cell, The (2000)",Drama|Horror|Thriller
3868,"Naked Gun: From the Files of Police Squad!, The (1988)",Action|Comedy|Crime|Romance
3877,Supergirl (1984),Action|Adventure|Fantasy
3910,Dancer in the Dark (2000),Drama|Musical
3911,Best in Show (2000),Comedy
3916,Remember the Titans (2000),Drama
3988,How the Grinch Stole Christmas (a.k.a. The Grinch) (2000),Children|Comedy|Fantasy
4002,"Planes, Trains & Automobiles (1987)",Comedy
4011,Snatch (2000),Comedy|Crime|Thriller
4014,Chocolat (2000),Drama|Romance
4016,"Emperor's New Groove, The (2000)",Adventure|Animation|Children|Comedy|Fantasy
4018,What Women Want (2000),Comedy|Romance
4019,Finding Forrester (2000),Drama
4027,"O Brother, Where Art Thou? (2000)",Adventure|Comedy|Crime
4033,Thirteen Days (2000),Drama|Thriller|War
4034,Traffic (2000),Crime|Drama|Thriller
4047,Gettysburg (1993),Drama|War
4056,"Pledge, The (2001)",Crime|Drama|Mystery|Thriller
4067,Untamed Heart (1993),Drama|Romance
4068,Sugar & Spice (2001),Comedy
4103,Empire of the Sun (1987),Action|Adventure|Drama|War
4128,"Lost Boys, The (1987)",Comedy|Horror|Thriller
4135,"Monster Squad, The (1987)",Adventure|Comedy|Horror
4158,Monkeybone (2001),Animation|Comedy|Fantasy
4200,Double Impact (1991),Action
4226,Memento (2000),Mystery|Thriller
4228,Heartbreakers (2001),Comedy|Crime|Romance
4232,Spy Kids (2001),Action|Adventure|Children|Comedy
4234,"Tailor of Panama, The (2001)",Drama|Thriller
4246,Bridget Jones's Diary (2001),Comedy|Drama|Romance
4270,"Mummy Returns, The (2001)",Action|Adventure|Comedy|Thriller
4306,Shrek (2001),Adventure|Animation|Children|Comedy|Fantasy|Romance
4334,Yi Yi (2000),Drama
4344,Swordfish (2001),Action|Crime|Drama
4351,Point Break (1991),Action|Crime|Thriller
4369,"Fast and the Furious, The (2001)",Action|Crime|Thriller
4388,Scary Movie 2 (2001),Comedy
4389,Lost and Delirious (2001),Drama
4392,Alice (1990),Comedy|Drama|Fantasy|Romance
4443,Outland (1981),Action|Sci-Fi|Thriller
4447,Legally Blonde (2001),Comedy|Romance
4571,Bill & Ted's Excellent Adventure (1989),Adventure|Comedy|Sci-Fi
4643,Planet of the Apes (2001),Action|Adventure|Drama|Sci-Fi
4718,American Pie 2 (2001),Comedy
4720,"Others, The (2001)",Drama|Horror|Mystery|Thriller
4734,Jay and Silent Bob Strike Back (2001),Adventure|Comedy
4738,Happy Accidents (2000),Romance|Sci-Fi
4816,Zoolander (2001),Comedy
4848,Mulholland Drive (2001),Crime|Drama|Film-Noir|Mystery|Thriller
4874,K-PAX (2001),Drama|Fantasy|Mystery|Sci-Fi
4878,Donnie Darko (2001),Drama|Mystery|Sci-Fi|Thriller
4881,"Man Who Wasn't There, The (2001)",Crime|Drama
4886,"Monsters, Inc. (2001)",Adventure|Animation|Children|Comedy|Fantasy
4896,Harry Potter and the Sorcerer's Stone (a.k.a. Harry Potter and the Philosopher's Stone) (2001),Adventure|Children|Fantasy
4963,Ocean's Eleven (2001),Crime|Thriller
4975,Vanilla Sky (2001),Mystery|Romance|Sci-Fi|Thriller
4979,"Royal Tenenbaums, The (2001)",Comedy|Drama
4993,"Lord of the Rings: The Fellowship of the Ring, The (2001)",Adventure|Fantasy
5009,Ali (2001),Drama
5040,Conan the Destroyer (1984),Action|Adventure|Fantasy
5060,M*A*S*H (a.k.a. MASH) (1970),Comedy|Drama|War
5064,The Count of Monte Cristo (2002),Action|Adventure|Drama|Thriller
5065,"Mothman Prophecies, The (2002)",Drama|Fantasy|Horror|Mystery|Thriller
5072,Metropolis (2001),Animation|Sci-Fi
5093,Collateral Damage (2002),Action|Thriller
5171,"Time Machine, The (2002)",Action|Adventure|Sci-Fi
5225,And Your Mother Too (Y tu mamá también) (2001),Drama|Romance
5266,Panic Room (2002),Thriller
5296,"Sweetest Thing, The (2002)",Comedy|Romance
5346,Wild Orchid (1990),Drama|Romance
5378,Star Wars: Episode II - Attack of the Clones (2002),Action|Adventure|Sci-Fi|IMAX
5419,Scooby-Doo (2002),Adventure|Children|Comedy|Fantasy|Mystery
5420,Windtalkers (2002),Action|Drama|War
5446,Rabbit-Proof Fence (2002),Adventure|Drama
5452,Look Who's Talking Now (1993),Children|Comedy|Romance
5502,Signs (2002),Horror|Sci-Fi|Thriller
5568,Johnny Dangerously (1984),Comedy
5618,Spirited Away (Sen to Chihiro no kamikakushi) (2001),Adventure|Animation|Fantasy
5628,Wasabi (2001),Action|Comedy|Crime|Drama|Thriller
5643,Powaqqatsi (1988),Documentary
5804,"Santa Clause 2, The (2002)",Children|Comedy|Fantasy|Romance
5952,"Lord of the Rings: The Two Towers, The (2002)",Adventure|Fantasy
5955,Antwone Fisher (2002),Drama
5989,Catch Me If You Can (2002),Crime|Drama
5992,"Hours, The (2002)",Drama|Romance
6058,Final Destination 2 (2003),Horror|Thriller
6100,"Midsummer Night's Sex Comedy, A (1982)",Comedy|Romance
6122,Richard Pryor Live on the Sunset Strip (1982),Comedy|Documentary
6156,Shanghai Knights (2003),Action|Adventure|Comedy
6214,Irreversible (Irréversible) (2002),Crime|Drama|Mystery|Thriller
6281,Phone Booth (2002),Drama|Thriller
6283,Cowboy Bebop: The Movie (Cowboy Bebop: Tengoku no Tobira) (2001),Action|Animation|Sci-Fi|Thriller
6365,"Matrix Reloaded, The (2003)",Action|Adventure|Sci-Fi|Thriller|IMAX
6373,Bruce Almighty (2003),Comedy|Drama|Fantasy|Romance
6503,Charlie's Angels: Full Throttle (2003),Action|Adventure|Comedy|Crime|Thriller
6539,Pirates of the Caribbean: The Curse of the Black Pearl (2003),Action|Adventure|Comedy|Fantasy
6541,"League of Extraordinary Gentlemen, The (a.k.a. LXG) (2003)",Action|Fantasy|Sci-Fi
6574,Eve of Destruction (1991),Action|Sci-Fi|Thriller
6620,American Splendor (2003),Comedy|Drama
6711,Lost in Translation (2003),Comedy|Drama|Romance
6786,Kiss of the Spider Woman (1985),Drama
6793,Beethoven (1992),Children|Comedy|Drama
6863,School of Rock (2003),Comedy|Musical
6874,Kill Bill: Vol. 1 (2003),Action|Crime|Thriller
6880,"Texas Chainsaw Massacre, The (2003)",Horror
6888,Scary Movie 3 (2003),Comedy|Horror
6952,Gothika (2003),Horror|Thriller
6953,21 Grams (2003),Crime|Drama|Mystery|Romance|Thriller
6957,Bad Santa (2003),Comedy|Crime
6979,WarGames (1983),Drama|Sci-Fi|Thriller
7022,Battle Royale (Batoru rowaiaru) (2000),Action|Drama|Horror|Thriller
7034,Show Me Love (Fucking Åmål) (1998),Drama|Romance
7090,Hero (Ying xiong) (2002),Action|Adventure|Drama
7139,In America (2002),Drama|Romance
7147,Big Fish (2003),Drama|Fantasy|Romance
7153,"Lord of the Rings: The Return of the King, The (2003)",Action|Adventure|Drama|Fantasy
7263,Miracle (2004),Drama
7306,"Herod's Law (Ley de Herodes, La) (2000)",Comedy|Crime|Mystery
7318,"Passion of the Christ, The (2004)",Drama
7319,Club Dread (2004),Comedy|Horror
7324,Hidalgo (2004),Adventure|Drama
7328,"Passion of Anna, The (Passion, En) (1969)",Drama
7340,Just One of the Guys (1985),Comedy
7361,Eternal Sunshine of the Spotless Mind (2004),Drama|Romance|Sci-Fi
7367,"Ladykillers, The (2004)",Comedy|Crime
7373,Hellboy (2004),Action|Adventure|Fantasy|Horror
7438,Kill Bill: Vol. 2 (2004),Action|Drama|Thriller
7569,You Only Live Twice (1967),Action|Adventure|Sci-Fi|Thriller
7669,Pride and Prejudice (1995),Drama|Romance
8014,"Spring, Summer, Fall, Winter... and Spring (Bom yeoreum gaeul gyeoul geurigo bom) (2003)",Drama
8266,Purple Rain (1984),Drama|Musical
8290,Mitchell (1975),Action|Crime
8360,Shrek 2 (2004),Adventure|Animation|Children|Comedy|Musical|Romance
8454,Luna Papa (1999),Comedy|Drama|Fantasy
8464,Super Size Me (2004),Comedy|Documentary|Drama
8622,Fahrenheit 9/11 (2004),Documentary
8641,Anchorman: The Legend of Ron Burgundy (2004),Comedy
8665,"Bourne Supremacy, The (2004)",Action|Crime|Thriller
8807,Harold and Kumar Go to White Castle (2004),Adventure|Comedy
8861,Resident Evil: Apocalypse (2004),Action|Horror|Sci-Fi|Thriller
8874,Shaun of the Dead (2004),Comedy|Horror
8910,I Heart Huckabees (2004),Comedy
8917,Team America: World Police (2004),Action|Adventure|Animation|Comedy
8949,Sideways (2004),Comedy|Drama|Romance
8961,"Incredibles, The (2004)",Action|Adventure|Animation|Children|Comedy
8965,"Polar Express, The (2004)",Adventure|Animation|Children|Fantasy|IMAX
8984,Ocean's Twelve (2004),Action|Comedy|Crime|Thriller
25769,"Steamboat Bill, Jr. (1928)",Comedy|Romance
26662,Kiki's Delivery Service (Majo no takkyûbin) (1989),Adventure|Animation|Children|Drama|Fantasy
26717,Begotten (1990),Drama|Horror
26736,Riki-Oh: The Story of Ricky (Lik Wong) (1991),Action|Crime|Thriller
26865,Fist of Legend (Jing wu ying xiong) (1994),Action|Drama
27808,Spanglish (2004),Comedy|Drama|Romance
27904,"Scanner Darkly, A (2006)",Animation|Drama|Mystery|Sci-Fi|Thriller
30883,Fat Albert (2004),Comedy|Fantasy
31427,Hide and Seek (2005),Horror|Mystery|Thriller
31685,Hitch (2005),Comedy|Romance
31921,"Seven-Per-Cent Solution, The (1976)",Adventure|Comedy|Crime|Drama|Mystery|Thriller
32587,Sin City (2005),Action|Crime|Film-Noir|Mystery|Thriller
33164,House of Wax (2005),Horror|Thriller
33493,Star Wars: Episode III - Revenge of the Sith (2005),Action|Adventure|Sci-Fi
33794,Batman Begins (2005),Action|Crime|IMAX
33836,Bewitched (2005),Comedy|Fantasy|Romance
34150,Fantastic Four (2005),Action|Adventure|Sci-Fi
34326,Last Days (2005),Drama
34405,Serenity (2005),Action|Adventure|Sci-Fi
35836,"40-Year-Old Virgin, The (2005)",Comedy|Romance
36529,Lord of War (2005),Action|Crime|Drama|Thriller|War
37729,Corpse Bride (2005),Animation|Comedy|Fantasy|Musical|Romance
37731,Green Street Hooligans (a.k.a. Hooligans) (2005),Crime|Drama
37741,Capote (2005),Crime|Drama
38038,Wallace & Gromit in The Curse of the Were-Rabbit (2005),Adventure|Animation|Children|Comedy
39183,Brokeback Mountain (2005),Drama|Romance
39234,North Country (2005),Drama
39292,"Good Night, and Good Luck. (2005)",Crime|Drama
40826,Rent (2005),Drama|Musical|Romance
41566,"Chronicles of Narnia: The Lion, the Witch and the Wardrobe, The (2005)",Adventure|Children|Fantasy
41569,King Kong (2005),Action|Adventure|Drama|Fantasy|Thriller
42761,Casper Meets Wendy (1998),Adventure|Children|Comedy|Fantasy
43928,Ultraviolet (2006),Action|Fantasy|Sci-Fi|Thriller
44191,V for Vendetta (2006),Action|Sci-Fi|Thriller|IMAX
44193,She's the Man (2006),Comedy|Romance
44204,Tsotsi (2005),Crime|Drama
44633,"Devil and Daniel Johnston, The (2005)",Documentary
44761,Brick (2005),Crime|Drama|Film-Noir|Mystery
45186,Mission: Impossible III (2006),Action|Adventure|Thriller
45431,Over the Hedge (2006),Adventure|Animation|Children|Comedy
45499,X-Men: The Last Stand (2006),Action|Sci-Fi|Thriller
45517,Cars (2006),Animation|Children|Comedy
45722,Pirates of the Caribbean: Dead Man's Chest (2006),Action|Adventure|Fantasy
46723,Babel (2006),Drama|Thriller
46970,Talladega Nights: The Ballad of Ricky Bobby (2006),Action|Comedy
47538,Crime Busters (1977),Action|Adventure|Comedy|Crime
48322,Jackass Number Two (2006),Comedy|Documentary
48394,"Pan's Labyrinth (Laberinto del fauno, El) (2006)",Drama|Fantasy|Thriller
48516,"Departed, The (2006)",Crime|Drama|Thriller
48780,"Prestige, The (2006)",Drama|Mystery|Sci-Fi|Thriller
49272,Casino Royale (2006),Action|Adventure|Thriller
49286,"Holiday, The (2006)",Comedy|Romance
50872,Ratatouille (2007),Animation|Children|Drama
51662,300 (2007),Action|Fantasy|War|IMAX
52950,Day Watch (Dnevnoy dozor) (2006),Action|Fantasy|Horror|Thriller
53322,Ocean's Thirteen (2007),Crime|Thriller
53464,Fantastic Four: Rise of the Silver Surfer (2007),Action|Adventure|Sci-Fi
53550,Rescue Dawn (2006),Action|Adventure|Drama|War
53972,Live Free or Die Hard (2007),Action|Adventure|Crime|Thriller
54001,Harry Potter and the Order of the Phoenix (2007),Adventure|Drama|Fantasy|IMAX
54259,Stardust (2007),Adventure|Comedy|Fantasy|Romance
54286,"Bourne Ultimatum, The (2007)",Action|Crime|Thriller
54787,Death Sentence (2007),Drama|Thriller
54881,"King of Kong, The (2007)",Documentary
55247,Into the Wild (2007),Action|Adventure|Drama
55276,Michael Clayton (2007),Drama|Thriller
55765,American Gangster (2007),Crime|Drama|Thriller
55820,No Country for Old Men (2007),Crime|Drama
56145,"Mist, The (2007)",Horror|Sci-Fi
56174,I Am Legend (2007),Action|Horror|Sci-Fi|Thriller|IMAX
56563,Helvetica (2007),Documentary
56587,"Bucket List, The (2007)",Comedy|Drama
56715,Wristcutters: A Love Story (2006),Drama|Fantasy|Romance
58295,"Bank Job, The (2008)",Action|Crime|Thriller
58803,21 (2008),Crime|Drama|Romance|Thriller
59014,Superhero Movie (2008),Action|Comedy|Sci-Fi
59315,Iron Man (2008),Action|Adventure|Sci-Fi
59369,Taken (2008),Action|Crime|Drama|Thriller
60072,Wanted (2008),Action|Thriller
60074,Hancock (2008),Action|Adventure|Comedy|Crime|Fantasy
60293,"Wackness, The (2008)",Comedy|Drama|Romance
60471,Rogue (2007),Action|Adventure|Horror|Sci-Fi|Thriller
60487,"It's the Great Pumpkin, Charlie Brown (1966)",Animation|Children|Comedy
60684,Watchmen (2009),Action|Drama|Mystery|Sci-Fi|Thriller|IMAX
61132,Tropic Thunder (2008),Action|Adventure|Comedy|War
61246,Hamlet 2 (2008),Comedy
62849,RocknRolla (2008),Action|Crime
63082,Slumdog Millionaire (2008),Crime|Drama|Romance
63113,Quantum of Solace (2008),Action|Adventure|Thriller
64620,Frost/Nixon (2008),Drama
64957,"Curious Case of Benjamin Button, The (2008)",Drama|Fantasy|Mystery|Romance
65261,Ponyo (Gake no ue no Ponyo) (2008),Adventure|Animation|Children|Fantasy
65982,Outlander (2008),Action|Adventure|Sci-Fi
66171,Push (2009),Sci-Fi|Thriller
68157,Inglourious Basterds (2009),Action|Drama|War
68954,Up (2009),Adventure|Animation|Children|Drama
69122,"Hangover, The (2009)",Comedy|Crime
69526,Transformers: Revenge of the Fallen (2009),Action|Adventure|Sci-Fi|IMAX
69784,Brüno (Bruno) (2009),Comedy
70159,Orphan (2009),Drama|Horror|Mystery|Thriller
70286,District 9 (2009),Mystery|Sci-Fi|Thriller
71535,Zombieland (2009),Action|Comedy|Horror
72378,2012 (2009),Action|Drama|Sci-Fi|Thriller
72489,Ninja Assassin (2009),Action|Crime|Drama|Thriller
72605,Brothers (2009),Drama|Thriller|War
72701,Planet 51 (2009),Adventure|Animation|Children|Comedy|Sci-Fi
73017,Sherlock Holmes (2009),Action|Crime|Mystery|Thriller
73266,Youth in Revolt (2009),Comedy|Drama|Romance
74458,Shutter Island (2010),Drama|Mystery|Thriller
74532,Cop Out (2010),Action|Comedy|Crime
77561,Iron Man 2 (2010),Action|Adventure|Sci-Fi|Thriller|IMAX
77866,Robin Hood (2010),Action|Adventure|Drama|Romance|War
78174,Sex and the City 2 (2010),Comedy|Drama|Romance
78499,Toy Story 3 (2010),Adventure|Animation|Children|Comedy|Fantasy|IMAX
79008,South Park: Imaginationland (2008),Animation|Comedy|Fantasy
79091,Despicable Me (2010),Animation|Children|Comedy|Crime
79132,Inception (2010),Action|Crime|Drama|Mystery|Sci-Fi|Thriller|IMAX
79259,Cherrybomb (2009),Drama|Thriller
79592,"Other Guys, The (2010)",Action|Comedy
80489,"Town, The (2010)",Crime|Drama|Thriller
80590,Wall Street: Money Never Sleeps (2010),Drama
80969,Never Let Me Go (2010),Drama|Romance|Sci-Fi
81417,Paranormal Activity 2 (2010),Horror|IMAX
81845,"King's Speech, The (2010)",Drama
82167,Love and Other Drugs (2010),Comedy|Drama|Romance
82202,"Tourist, The (2010)",Drama|Thriller
83134,Tucker & Dale vs Evil (2010),Comedy|Horror
84152,Limitless (2011),Sci-Fi|Thriller
85510,Sucker Punch (2011),Action|Fantasy|Thriller|IMAX
85881,Win Win (2011),Comedy|Drama
86190,Hanna (2011),Action|Adventure|Mystery|Thriller
87304,Beginners (2010),Drama
88129,Drive (2011),Crime|Drama|Film-Noir|Thriller
88140,Captain America: The First Avenger (2011),Action|Adventure|Sci-Fi|Thriller|War
89492,Moneyball (2011),Drama
89864,50/50 (2011),Comedy|Drama
90405,In Time (2011),Crime|Sci-Fi|Thriller
91500,The Hunger Games (2012),Action|Adventure|Drama|Sci-Fi|Thriller
92694,Perfect Sense (2011),Drama|Romance|Sci-Fi
93510,21 Jump Street (2012),Action|Comedy|Crime
93723,Damsels in Distress (2011),Comedy|Romance
94150,Hysteria (2011),Comedy|Romance
94677,"Dictator, The (2012)",Comedy
94959,Moonrise Kingdom (2012),Comedy|Drama|Romance
95167,Brave (2012),Action|Adventure|Animation|Children
95875,Total Recall (2012),Action|Sci-Fi|Thriller
96079,Skyfall (2012),Action|Adventure|Thriller|IMAX
96737,Dredd (2012),Action|Sci-Fi
97304,Argo (2012),Drama|Thriller
97306,Seven Psychopaths (2012),Comedy|Crime
97858,Mental (2012),Comedy|Drama
97950,"Man with the Iron Fists, The (2012)",Action|Adventure|Crime
98243,Rise of the Guardians (2012),Adventure|Animation|Children|Fantasy|IMAX
99106,"Guilt Trip, The (2012)",Comedy
99992,Shadow Dancer (2012),Crime|Drama|Thriller
102123,This Is the End (2013),Action|Comedy
102445,Star Trek Into Darkness (2013),Action|Adventure|Sci-Fi|IMAX
102993,"Way, Way Back, The (2013)",Comedy|Drama
103048,"Kings of Summer, The (2013)",Comedy
103228,Pacific Rim (2013),Action|Adventure|Sci-Fi|IMAX
103339,White House Down (2013),Action|Drama|Thriller|IMAX
103688,"Conjuring, The (2013)",Horror|Thriller
103772,"Wolverine, The (2013)",Action|Adventure|Fantasy|Sci-Fi
103980,Blue Jasmine (2013),Drama
104841,Gravity (2013),Action|Sci-Fi|IMAX
104944,Short Term 12 (2013),Drama
105211,Enough Said (2013),Comedy|Drama|Romance
106002,Ender's Game (2013),Action|Adventure|Sci-Fi|IMAX
106100,Dallas Buyers Club (2013),Drama
106489,"Hobbit: The Desolation of Smaug, The (2013)",Adventure|Fantasy|IMAX
106918,"Secret Life of Walter Mitty, The (2013)",Adventure|Comedy|Drama
107159,Zatoichi and the Chest of Gold (Zatôichi senryô-kubi) (Zatôichi 6) (1964),Action|Drama
107314,Oldboy (2013),Action|Drama|Mystery
108727,Nymphomaniac: Volume I (2013),Drama
109374,"Grand Budapest Hotel, The (2014)",Comedy|Drama
109487,Interstellar (2014),Sci-Fi|IMAX
109895,Bad Words (2013),Comedy
111320,Mom's Night Out (2014),Comedy
111362,X-Men: Days of Future Past (2014),Action|Adventure|Sci-Fi
111443,Chef (2014),Comedy
112175,How to Train Your Dragon 2 (2014),Action|Adventure|Animation
112183,Birdman: Or (The Unexpected Virtue of Ignorance) (2014),Comedy|Drama
112556,Gone Girl (2014),Drama|Thriller
112852,Guardians of the Galaxy (2014),Action|Adventure|Sci-Fi
115617,Big Hero 6 (2014),Action|Animation|Comedy
115727,Crippled Avengers (Can que) (Return of the 5 Deadly Venoms) (1981),Action|Adventure
116797,The Imitation Game (2014),Drama|Thriller|War
117364,Virunga (2014),Documentary|War
117590,Horrible Bosses 2 (2014),Comedy|Crime
118900,Wild (2014),Drama
119141,The Interview (2014),Action|Comedy
119155,Night at the Museum: Secret of the Tomb (2014),Adventure|Children|Comedy|Fantasy
120635,Taken 3 (2015),Action|Crime|Thriller
122882,Mad Max: Fury Road (2015),Action|Adventure|Sci-Fi|Thriller
122890,Warcraft (2016),Action|Adventure|Fantasy
122904,Deadpool (2016),Action|Adventure|Comedy|Sci-Fi
122918,Guardians of the Galaxy 2 (2017),Action|Adventure|Sci-Fi
122924,X-Men: Apocalypse (2016),Action|Adventure|Fantasy|Sci-Fi
122926,Untitled Spider-Man Reboot (2017),Action|Adventure|Fantasy
127052,Operation 'Y' & Other Shurik's Adventures (1965),Comedy|Crime|Romance
127146,Kurt Cobain: Montage of Heck (2015),Documentary
130576,Midnight Special (2015),Drama|Sci-Fi
134853,Inside Out (2015),Adventure|Animation|Children|Comedy|Drama|Fantasy
134881,Love & Mercy (2014),Drama
139385,The Revenant (2015),Adventure|Drama
140956,Ready Player One,Action|Sci-Fi|Thriller
141131,Guardians (2016),(no genres listed)
142448,Everest (2015),Adventure|Drama|Thriller
146028,The Adventures of Sherlock Holmes and Dr. Watson: The Hound of the Baskervilles (1981),Crime|Mystery
147142,Those Happy Days (2006),Children|Comedy
149354,Sisters (2015),Children|Comedy
156371,Everybody Wants Some (2016),Comedy
157699,Snowden (2016),Drama|Thriller
159415,Swiss Army Man (2016),Comedy|Drama|Romance
159817,Planet Earth (2006),Documentary
159858,The Conjuring 2 (2016),Horror
162606,The Accountant (2016),Crime|Drama|Thriller
164179,Arrival (2016),Sci-Fi
164280,Endless Poetry (2016),Drama|Fantasy
168252,Logan (2017),Action|Sci-Fi
170705,Band of Brothers (2001),Action|Drama|War
171763,Baby Driver (2017),Action|Crime|Thriller
183897,Isle of Dogs (2018),Animation|Comedy
